# file	match	order_only	both_refused	refused	diverged
advisory_lock	8	0	19	10	1
aggregates	95	0	122	203	10
alter_generic	43	0	110	179	0
alter_operator	2	0	8	23	0
alter_table	485	0	342	745	74
amutils	1	0	4	5	0
arrays	28	0	71	356	0
async	0	0	3	8	0
bit	20	0	13	82	11
bitmapops	7	0	0	1	2
boolean	27	0	11	46	11
box	23	0	0	58	6
brin	13	0	10	36	0
brin_bloom	3	0	11	24	0
brin_multi	32	0	10	43	0
btree_index	33	0	7	33	0
case	39	1	1	19	1
char	16	0	2	4	10
circle	10	0	0	6	6
cluster	89	1	15	65	23
collate.icu.utf8	30	0	50	385	26
collate.linux.utf8	0	0	4	0	0
collate	0	0	1	0	0
collate.windows.win1252	0	0	4	0	0
combocid	39	0	0	23	0
comments	4	0	3	2	0
compression	17	0	7	50	11
compression_pglz	0	0	14	0	0
constraints	103	1	58	140	14
conversion	18	0	44	3	0
copy	18	0	11	39	0
copy2	38	0	49	41	1
copydml	7	0	16	39	0
copyselect	13	0	4	3	0
create_aggregate	0	0	16	43	0
create_am	11	0	28	42	9
create_cast	1	0	2	18	3
create_function_c	0	0	4	1	0
create_function_sql	22	0	14	114	2
create_index	137	0	158	242	21
create_index_spgist	14	0	117	0	0
create_misc	10	0	0	77	1
create_operator	20	0	19	42	0
create_procedure	11	0	25	68	5
create_role	10	0	64	62	8
create_schema	4	0	15	8	0
create_table	21	0	113	184	7
create_table_like	14	0	5	34	1
create_type	3	0	34	43	5
create_view	128	0	39	115	19
database	3	0	0	13	0
date	24	0	55	185	6
dbsize	0	0	16	9	0
delete	6	0	1	2	1
dependency	9	0	25	24	4
domain	72	0	59	230	59
drop_if_exists	13	0	54	93	1
drop_operator	0	0	0	12	0
encoding	23	0	24	20	0
enum	32	0	12	101	24
equivclass	22	0	0	37	0
errors	3	0	82	1	0
euc_kr	0	0	0	2	0
event_trigger	33	0	25	115	1
explain	15	0	15	11	0
expressions	30	0	1	44	0
fast_default	114	0	0	138	12
float4	12	0	9	48	31
float8	17	0	19	99	34
foreign_data	81	0	131	323	3
foreign_key	388	0	189	489	87
functional_deps	15	0	10	11	4
generated	37	0	33	25	21
geometry	1	0	155	4	0
gin	10	0	0	42	0
gist	11	0	4	34	1
groupingsets	30	0	26	83	0
guc	55	0	5	74	80
hash_func	0	0	4	39	0
hash_index	49	0	6	19	0
hash_part	0	0	23	5	0
horology	5	0	54	205	33
identity	19	0	32	134	7
incremental_sort	38	0	0	18	18
index_including	32	0	17	57	20
index_including_gist	20	0	1	20	6
indexing	23	0	63	454	19
indirect_toast	4	0	7	17	0
inet	31	0	4	39	31
infinite_recurse	1	0	1	1	0
inherit	139	0	37	348	31
init_privs	0	0	0	4	0
insert	26	0	99	254	8
insert_conflict	78	0	33	113	10
int2	3	0	48	23	2
int4	11	0	53	26	4
int8	8	0	129	25	5
interval	28	0	153	138	22
join	248	8	130	132	6
join_hash	157	0	1	94	1
json	37	0	61	309	53
json_encoding	0	0	11	23	10
jsonb	116	0	91	681	139
jsonb_jsonpath	5	0	90	343	0
jsonpath	9	0	0	1	201
jsonpath_encoding	0	0	0	2	30
largeobject	37	0	28	59	0
limit	2	0	62	4	5
line	10	0	1	12	12
lock	66	0	6	59	0
lseg	8	0	0	3	5
macaddr	22	0	0	9	4
macaddr8	36	0	0	10	25
maintain_every	6	0	0	8	2
matview	27	0	24	106	5
md5	0	0	0	14	0
memoize	39	0	8	18	0
merge	120	0	343	23	18
misc	7	0	29	25	0
misc_functions	7	0	38	54	4
misc_sanity	1	0	0	2	2
money	21	0	1	11	76
multirangetypes	43	0	38	440	83
mvcc	8	0	1	2	0
name	9	0	12	12	7
namespace	10	0	3	13	2
numeric	593	0	68	227	129
numeric_big	506	0	10	19	17
numerology	22	0	33	28	5
object_address	5	0	35	41	0
oid	11	0	0	10	16
oidjoins	0	0	0	1	0
opr_sanity	1	0	14	114	1
partition_aggregate	25	0	0	70	0
partition_info	4	0	0	69	0
partition_join	84	0	0	392	0
partition_prune	70	0	31	364	1
password	7	0	0	40	2
path	10	0	0	8	5
pg_lsn	4	0	0	7	19
plancache	11	0	25	56	1
plpgsql	266	0	111	506	48
point	11	0	21	11	0
polygon	21	0	0	22	6
polymorphism	2	0	113	303	5
portals	84	0	133	120	7
portals_p2	2	0	39	0	0
prepare	0	0	15	18	0
prepared_xacts	23	0	13	34	13
privileges	188	0	348	287	149
psql	99	0	54	246	18
psql_crosstab	4	0	0	4	0
publication	142	0	119	377	11
random	1	0	0	13	0
rangefuncs	77	0	33	286	15
rangetypes	52	0	29	252	52
regex	9	0	4	82	1
regproc	0	0	5	72	0
reindex_catalog	3	0	0	17	0
reloptions	0	0	27	22	14
replica_identity	9	0	8	26	10
returning	10	0	10	33	24
roleattributes	0	0	0	80	0
rowsecurity	315	0	77	245	32
rowtypes	25	0	50	131	17
rules	283	0	23	231	79
sanity_check	1	0	1	2	0
security_label	8	0	8	12	0
select	21	0	25	20	10
select_distinct	27	0	10	22	0
select_distinct_on	0	0	5	0	0
select_having	17	0	1	1	4
select_implicit	28	0	6	8	2
select_into	7	0	19	30	1
select_parallel	12	0	140	15	14
select_views	13	0	17	14	0
sequence	45	0	86	120	9
spgist	9	0	2	19	0
sqljson	11	0	36	89	3
stats	139	0	107	171	17
stats_ext	117	0	62	635	0
strings	87	0	77	272	11
subscription	29	0	58	69	0
subselect	106	0	38	58	8
sysviews	2	0	0	19	0
tablesample	4	0	17	30	0
tablespace	26	0	35	141	2
temp	58	0	19	78	7
test_setup	21	0	10	39	0
text	14	0	4	29	26
tid	13	0	6	19	3
tidrangescan	6	0	0	26	0
tidscan	13	0	2	21	0
time	12	0	4	15	13
timestamp	10	0	14	129	4
timestamptz	47	0	19	230	58
timetz	4	0	6	39	8
transactions	209	0	50	139	86
triggers	253	0	79	674	41
truncate	59	0	15	97	22
tsdicts	0	0	9	122	0
tsearch	29	0	53	354	0
tsrf	8	0	10	49	0
tstypes	2	0	3	178	55
tuplesort	36	0	3	49	11
txid	16	0	9	15	7
type_sanity	7	0	0	51	3
typed_table	2	0	10	16	0
unicode	0	0	2	12	0
union	49	0	42	55	1
updatable_views	214	0	219	404	115
update	40	0	47	184	12
uuid	0	0	7	30	1
vacuum	80	0	52	137	17
vacuum_parallel	4	0	0	10	0
varchar	10	0	2	3	7
window	27	9	130	153	6
with	44	0	61	154	31
write_parallel	6	0	12	0	0
xid	29	0	9	29	17
xml	36	0	39	180	3
xmlmap	0	0	7	33	0
